name,image_path
Circle K,images_hanoi/Circle K.jpg
WinMart+,images_hanoi/WinMart+.jpg
Pizza Hut,images_hanoi/Pizza Hut.jpg
Vietcombank,images_hanoi/Vietcombank.jpg
Highlands Coffee,images_hanoi/Highlands Coffee.jpg
BIDV,images_hanoi/BIDV.jpg
Thế Giới Di Động,images_hanoi/Thế Giới Di Động.jpg
L's Place,images_hanoi/L's Place.jpg
VinFast,images_hanoi/VinFast.jpg
FPT Shop,images_hanoi/FPT Shop.jpg
Starbucks,images_hanoi/Starbucks.jpg
WinMart,images_hanoi/WinMart.jpg
Domino's,images_hanoi/Domino's.jpg
Youone Hotdog,images_hanoi/Youone Hotdog.jpg
Chops,images_hanoi/Chops.jpg
McDonald's,images_hanoi/McDonald's.jpg
The Coffee House,images_hanoi/The Coffee House.jpg
VietinBank,images_hanoi/VietinBank.jpg
Đầm bầu Mom Baby,images_hanoi/Đầm bầu Mom Baby.jpg
Lotteria,images_hanoi/Lotteria.jpg
Bún Chả Sinh Từ,images_hanoi/Bún Chả Sinh Từ.jpg
Triumph,images_hanoi/Triumph.jpg
TH True Mart,images_hanoi/TH True Mart.jpg
Nhà thuốc Phương Chính,images_hanoi/Nhà thuốc Phương Chính.jpg
JM Dress Design,images_hanoi/JM Dress Design.jpg
Techcombank,images_hanoi/Techcombank.jpg
Ga Đông Dương,images_hanoi/Ga Đông Dương.jpg
Fresh Garden,images_hanoi/Fresh Garden.jpg
Kichi-Kichi,images_hanoi/Kichi-Kichi.jpg
Ding Tea,images_hanoi/Ding Tea.jpg
An Nhiên,images_hanoi/An Nhiên.jpg
Bánh Mì 25,images_hanoi/Bánh Mì 25.jpg
Khách Sạn Central Backpackers,images_hanoi/Khách Sạn Central Backpackers.jpg
Oyster,images_hanoi/Oyster.jpg
nhà trọ 3,images_hanoi/nhà trọ 3.jpg
Nhà Hàng Bia Hơi Hải Xồm,images_hanoi/Nhà Hàng Bia Hơi Hải Xồm.jpg
Hanoi Train Street Travel,images_hanoi/Hanoi Train Street Travel.jpg
Klever Fruit,images_hanoi/Klever Fruit.jpg
Khách Sạn Hanoi Elegance,images_hanoi/Khách Sạn Hanoi Elegance.jpg
Cửa Hàng Di Động Cellphones,images_hanoi/Cửa Hàng Di Động Cellphones.jpg
AEON MaxValu,images_hanoi/AEON MaxValu.jpg
Joamom,images_hanoi/Joamom.jpg
Viettel,images_hanoi/Viettel.jpg
Petrolimex,images_hanoi/Petrolimex.jpg
FPT shop,images_hanoi/FPT shop.jpg
Rạp chiếu phim CGV,images_hanoi/Rạp chiếu phim CGV.jpg
K-Market,images_hanoi/K-Market.jpg
Siêu Thị T-Mart,images_hanoi/Siêu Thị T-Mart.jpg
Coffee Chill 96,images_hanoi/Coffee Chill 96.jpg
Hà Đăng Mart,images_hanoi/Hà Đăng Mart.jpg
Miến lươn Tân Tân,images_hanoi/Miến lươn Tân Tân.jpg
Agribank,images_hanoi/Agribank.jpg
Nét Huế,images_hanoi/Nét Huế.jpg
Điện máy Đức Cường,images_hanoi/Điện máy Đức Cường.jpg
Hanosimex,images_hanoi/Hanosimex.jpg
Nhà Hàng King BBQ,images_hanoi/Nhà Hàng King BBQ.jpg
Cocolux,images_hanoi/Cocolux.jpg
Choo Choo Coffee,images_hanoi/Choo Choo Coffee.jpg
Popeyes,images_hanoi/Popeyes.jpg
Tmart,images_hanoi/Tmart.jpg
Công nghệ Auto,images_hanoi/Công nghệ Auto.jpg
Khách Sạn Asia Palace,images_hanoi/Khách Sạn Asia Palace.jpg
Wetrip.vn,images_hanoi/Wetrip.vn.jpg
Hoàng Hà Mobile,images_hanoi/Hoàng Hà Mobile.jpg
Everon,images_hanoi/Everon.jpg
ADCBook,images_hanoi/ADCBook.jpg
GO!,images_hanoi/GO!.jpg
Hương VIP,images_hanoi/Hương VIP.jpg
TwitterBeans Coffee,images_hanoi/TwitterBeans Coffee.jpg
Rửa xe Công nghệ Auto,images_hanoi/Rửa xe Công nghệ Auto.jpg
TokyoLife,images_hanoi/TokyoLife.jpg
Minnie Perfume,images_hanoi/Minnie Perfume.jpg
Medyla,images_hanoi/Medyla.jpg
Flane,images_hanoi/Flane.jpg
KOPee coffee,images_hanoi/KOPee coffee.jpg
Hảo Hảo Coffee,images_hanoi/Hảo Hảo Coffee.jpg
Viettel Post,images_hanoi/Viettel Post.jpg
Bảo Tín Minh Châu,images_hanoi/Bảo Tín Minh Châu.jpg
Tops Market,images_hanoi/Tops Market.jpg
Thế Giới Nước Hoa,images_hanoi/Thế Giới Nước Hoa.jpg
D.Chic,images_hanoi/D.Chic.jpg
Texas Chicken,images_hanoi/Texas Chicken.jpg
ACB,images_hanoi/ACB.jpg
Khách Sạn Box,images_hanoi/Khách Sạn Box.jpg
Khách Sạn Prince,images_hanoi/Khách Sạn Prince.jpg
GPBank,images_hanoi/GPBank.jpg
Nhà hàng Phương Nam,images_hanoi/Nhà hàng Phương Nam.jpg
"nhom6,T01-14, Cơm Ngon","images_hanoi/nhom6,T01-14, Cơm Ngon.jpg"
Quán cỏ restaurant,images_hanoi/Quán cỏ restaurant.jpg
Cà Phê Maxx,images_hanoi/Cà Phê Maxx.jpg
Quán rượu LGBTQ+,images_hanoi/Quán rượu LGBTQ+.jpg
Umiga,images_hanoi/Umiga.jpg
Karaoke Hải Anh,images_hanoi/Karaoke Hải Anh.jpg
Chùa Khai Nguyên,images_hanoi/Chùa Khai Nguyên.jpg
Royal Hotel II,images_hanoi/Royal Hotel II.jpg
Benaras Mantra,images_hanoi/Benaras Mantra.jpg
Namaste Hanoi,images_hanoi/Namaste Hanoi.jpg
Quách Tuấn Hair Salon,images_hanoi/Quách Tuấn Hair Salon.jpg
Hanvico,images_hanoi/Hanvico.jpg
Cửa Hàng Máy Tính Đức Duy,images_hanoi/Cửa Hàng Máy Tính Đức Duy.jpg
